plantid;date;etat;note
MMA1001;2017-07-15;O;Rien à signaler.
MMA1002;2017-07-15;O;Condition normale pour la saison.
MMA1003;2017-07-15;O;Condition normale pour la saison.
MMA1004;2017-07-15;O;Condition normale pour la saison.
MMA1005;2017-07-15;O;Condition normale pour la saison.
MMA1006;2017-07-15;O;Condition normale pour la saison.
MMA1007;2017-07-15;O;Condition normale pour la saison.
MMA1008;2017-07-15;O;Condition normale pour la saison.
MMA1009;2017-07-15;O;Condition normale pour la saison.
MMA1010;2017-07-15;O;Légère variabilité observée.
MMA1011;2017-07-15;O;Rien à signaler.
MMA1012;2017-07-15;O;Condition normale pour la saison.
MMA1013;2017-07-15;O;Rien à signaler.
MMA1014;2017-07-15;O;Condition normale pour la saison.
MMA1015;2017-07-15;O;Légère variabilité observée.
MMA1016;2017-07-15;O;Condition normale pour la saison.
MMA1017;2017-07-15;O;Condition normale pour la saison.
MMA1018;2017-07-15;O;Condition normale pour la saison.
MMA1019;2017-07-15;O;Condition normale pour la saison.
MMA1020;2017-07-15;O;Rien à signaler.
MMA1021;2017-07-15;O;Légère variabilité observée.
MMA1022;2017-07-15;O;Condition normale pour la saison.
MMA1023;2017-07-15;O;Légère variabilité observée.
MMA1024;2017-07-15;O;Légère variabilité observée.
MMA1025;2017-07-15;O;Rien à signaler.
MMA1026;2017-07-15;O;Condition normale pour la saison.
MMA1027;2017-07-15;O;Condition normale pour la saison.
MMA1028;2017-07-15;O;Légère variabilité observée.
MMA1029;2017-07-15;O;Rien à signaler.
MMA1030;2017-07-15;O;Condition normale pour la saison.
MMA1031;2017-07-15;O;Légère variabilité observée.
MMA1032;2017-07-15;O;Légère variabilité observée.
MMA1033;2017-07-15;O;Condition normale pour la saison.
MMB3045;2017-07-15;O;Rien à signaler.
MMA1034;2017-07-15;O;Légère variabilité observée.
MMA1035;2017-07-15;O;Légère variabilité observée.
MMA1036;2017-07-15;O;Condition normale pour la saison.
MMA1037;2017-07-15;O;Condition normale pour la saison.
MMA1038;2017-07-15;O;Condition normale pour la saison.
MMA1039;2017-07-15;O;Condition normale pour la saison.
MMA1040;2017-07-15;O;Condition normale pour la saison.
MMA1041;2017-07-15;O;Rien à signaler.
MMA1042;2017-07-15;O;Condition normale pour la saison.
MMA1043;2017-07-15;O;Condition normale pour la saison.
MMA1044;2017-07-15;O;Légère variabilité observée.
MMA1045;2017-07-15;O;Rien à signaler.
MMA1046;2017-07-15;O;Légère variabilité observée.
MMA1047;2017-07-15;O;Légère variabilité observée.
MMA1048;2017-07-15;O;Rien à signaler.
MMA1049;2017-07-15;O;Rien à signaler.
MMA1050;2017-07-15;O;Condition normale pour la saison.
MMA1051;2017-07-15;O;Condition normale pour la saison.
MMA1052;2017-07-15;O;Condition normale pour la saison.
MMA1053;2017-07-15;O;Condition normale pour la saison.
MMA1054;2017-07-15;O;Condition normale pour la saison.
MMA1055;2017-07-15;O;Rien à signaler.
MMA1056;2017-07-15;O;Légère variabilité observée.
MMA1057;2017-07-15;O;Légère variabilité observée.
MMA1058;2017-07-15;O;Condition normale pour la saison.
MMA1059;2017-07-15;O;Légère variabilité observée.
MMA1060;2017-07-15;O;Légère variabilité observée.
MMA1061;2017-07-15;O;Rien à signaler.
MMA1062;2017-07-15;O;Condition normale pour la saison.
MMA1063;2017-07-15;O;Condition normale pour la saison.
MMA1064;2017-07-15;O;Condition normale pour la saison.
MMA1065;2017-07-15;O;Condition normale pour la saison.
MMA1066;2017-07-15;O;Condition normale pour la saison.
MMA1067;2017-07-15;O;Rien à signaler.
MMA1068;2017-07-15;O;Légère variabilité observée.
MMA1069;2017-07-15;O;Rien à signaler.
MMA1070;2017-07-15;O;Légère variabilité observée.
MMA1071;2017-07-15;O;Rien à signaler.
MMA1072;2017-07-15;O;Condition normale pour la saison.
MMA1073;2017-07-15;O;Légère variabilité observée.
MMA1074;2017-07-15;O;Légère variabilité observée.
MMA1075;2017-07-15;O;Légère variabilité observée.
MMA1076;2017-07-15;O;Légère variabilité observée.
MMA1077;2017-07-15;O;Condition normale pour la saison.
MMA1078;2017-07-15;O;Condition normale pour la saison.
MMA1079;2017-07-15;O;Rien à signaler.
MMA1080;2017-07-15;O;Légère variabilité observée.
MMA1081;2017-07-15;O;Condition normale pour la saison.
MMA1082;2017-07-15;O;Légère variabilité observée.
MMA1083;2017-07-15;O;Condition normale pour la saison.
MMA1084;2017-07-15;O;Condition normale pour la saison.
MMA1085;2017-07-15;O;Rien à signaler.
MMA1086;2017-07-15;O;Condition normale pour la saison.
MMA1087;2017-07-15;O;Légère variabilité observée.
MMA1088;2017-07-15;O;Condition normale pour la saison.
MMA1089;2017-07-15;O;Condition normale pour la saison.
MMA1090;2017-07-15;O;Condition normale pour la saison.
MMA1091;2017-07-15;O;Condition normale pour la saison.
MMA1092;2017-07-15;O;Légère variabilité observée.
MMA1093;2017-07-15;O;Légère variabilité observée.
MMA1094;2017-07-15;O;Condition normale pour la saison.
MMA1095;2017-07-15;O;Condition normale pour la saison.
MMA1096;2017-07-15;O;Condition normale pour la saison.
MMA1097;2017-07-15;O;Rien à signaler.
MMA1098;2017-07-15;O;Légère variabilité observée.
MMA1099;2017-07-15;O;Rien à signaler.
MMA1100;2017-07-15;O;Légère variabilité observée.
MMA2001;2017-07-15;O;Condition normale pour la saison.
MMA2002;2017-07-15;O;Légère variabilité observée.
MMA2003;2017-07-15;O;Condition normale pour la saison.
MMA2004;2017-07-15;O;Condition normale pour la saison.
MMA2005;2017-07-15;O;Condition normale pour la saison.
MMA2006;2017-07-15;O;Condition normale pour la saison.
MMA2007;2017-07-15;O;Condition normale pour la saison.
MMA2008;2017-07-15;O;Rien à signaler.
MMA2009;2017-07-15;O;Légère variabilité observée.
MMA2010;2017-07-15;O;Rien à signaler.
MMA2011;2017-07-15;O;Légère variabilité observée.
MMA2012;2017-07-15;O;Légère variabilité observée.
MMA2013;2017-07-15;O;Condition normale pour la saison.
MMA2014;2017-07-15;O;Rien à signaler.
MMA2015;2017-07-15;O;Condition normale pour la saison.
MMA2016;2017-07-15;O;Légère variabilité observée.
MMA2017;2017-07-15;O;Condition normale pour la saison.
MMA2018;2017-07-15;O;Légère variabilité observée.
MMA2019;2017-07-15;O;Rien à signaler.
MMA2020;2017-07-15;O;Condition normale pour la saison.
MMA2021;2017-07-15;O;Condition normale pour la saison.
MMA2022;2017-07-15;O;Légère variabilité observée.
MMA2023;2017-07-15;O;Légère variabilité observée.
MMA2024;2017-07-15;O;Condition normale pour la saison.
MMA2025;2017-07-15;O;Rien à signaler.
MMA2026;2017-07-15;O;Légère variabilité observée.
MMA2027;2017-07-15;O;Légère variabilité observée.
MMA2028;2017-07-15;O;Légère variabilité observée.
MMA2029;2017-07-15;O;Condition normale pour la saison.
MMA2030;2017-07-15;O;Rien à signaler.
MMA2031;2017-07-15;O;Condition normale pour la saison.
MMA2032;2017-07-15;O;Rien à signaler.
MMA2033;2017-07-15;O;Condition normale pour la saison.
MMA2034;2017-07-15;O;Condition normale pour la saison.
MMA2035;2017-07-15;O;Condition normale pour la saison.
MMA2036;2017-07-15;O;Légère variabilité observée.
MMA2037;2017-07-15;O;Condition normale pour la saison.
MMA2038;2017-07-15;O;Rien à signaler.
MMA2039;2017-07-15;O;Condition normale pour la saison.
MMA2040;2017-07-15;O;Légère variabilité observée.
MMA2041;2017-07-15;O;Condition normale pour la saison.
MMA2042;2017-07-15;O;Légère variabilité observée.
MMA2043;2017-07-15;O;Légère variabilité observée.
MMA2044;2017-07-15;O;Condition normale pour la saison.
MMA2045;2017-07-15;O;Condition normale pour la saison.
MMA2046;2017-07-15;O;Condition normale pour la saison.
MMA2047;2017-07-15;O;Condition normale pour la saison.
MMA2048;2017-07-15;O;Condition normale pour la saison.
MMA2049;2017-07-15;O;Condition normale pour la saison.
MMA2050;2017-07-15;O;Condition normale pour la saison.
MMA2051;2017-07-15;O;Légère variabilité observée.
MMA2052;2017-07-15;O;Condition normale pour la saison.
MMA2053;2017-07-15;O;Condition normale pour la saison.
MMA2054;2017-07-15;O;Condition normale pour la saison.
MMA2055;2017-07-15;O;Condition normale pour la saison.
MMA2056;2017-07-15;O;Légère variabilité observée.
MMA2057;2017-07-15;O;Légère variabilité observée.
MMA2058;2017-07-15;O;Légère variabilité observée.
MMA2059;2017-07-15;O;Condition normale pour la saison.
MMA2060;2017-07-15;O;Condition normale pour la saison.
MMA2061;2017-07-15;O;Condition normale pour la saison.
MMA2062;2017-07-15;O;Rien à signaler.
MMA2063;2017-07-15;O;Rien à signaler.
MMA2064;2017-07-15;O;Légère variabilité observée.
MMA2065;2017-07-15;O;Légère variabilité observée.
MMA2066;2017-07-15;O;Légère variabilité observée.
MMA2067;2017-07-15;O;Légère variabilité observée.
MMA2068;2017-07-15;O;Condition normale pour la saison.
MMA2069;2017-07-15;O;Condition normale pour la saison.
MMA2070;2017-07-15;O;Rien à signaler.
MMA2071;2017-07-15;O;Condition normale pour la saison.
MMA2072;2017-07-15;O;Condition normale pour la saison.
MMA2073;2017-07-15;O;Condition normale pour la saison.
MMA2074;2017-07-15;O;Condition normale pour la saison.
MMA2075;2017-07-15;O;Condition normale pour la saison.
MMA2076;2017-07-15;O;Légère variabilité observée.
MMA2077;2017-07-15;O;Rien à signaler.
MMA2078;2017-07-15;O;Rien à signaler.
MMA2079;2017-07-15;O;Légère variabilité observée.
MMA2080;2017-07-15;O;Rien à signaler.
MMA2081;2017-07-15;O;Légère variabilité observée.
MMA2082;2017-07-15;O;Condition normale pour la saison.
MMA2083;2017-07-15;O;Condition normale pour la saison.
MMA2084;2017-07-15;O;Condition normale pour la saison.
MMA2085;2017-07-15;O;Rien à signaler.
MMA2086;2017-07-15;O;Légère variabilité observée.
MMA2087;2017-07-15;O;Légère variabilité observée.
MMA2088;2017-07-15;O;Rien à signaler.
MMA2089;2017-07-15;O;Rien à signaler.
MMA2090;2017-07-15;O;Légère variabilité observée.
MMA2091;2017-07-15;O;Rien à signaler.
MMA2092;2017-07-15;O;Condition normale pour la saison.
MMA2093;2017-07-15;O;Condition normale pour la saison.
MMA2094;2017-07-15;O;Rien à signaler.
MMA2095;2017-07-15;O;Condition normale pour la saison.
MMA2096;2017-07-15;O;Condition normale pour la saison.
MMA2097;2017-07-15;O;Condition normale pour la saison.
MMA2098;2017-07-15;O;Légère variabilité observée.
MMA2099;2017-07-15;O;Légère variabilité observée.
MMA2100;2017-07-15;O;Condition normale pour la saison.
MMA3001;2017-07-15;O;Condition normale pour la saison.
MMA3002;2017-07-15;O;Légère variabilité observée.
MMA3003;2017-07-15;O;Condition normale pour la saison.
MMA3004;2017-07-15;O;Légère variabilité observée.
MMA3005;2017-07-15;O;Condition normale pour la saison.
MMA3006;2017-07-15;O;Condition normale pour la saison.
MMA3007;2017-07-15;O;Légère variabilité observée.
MMA3008;2017-07-15;O;Condition normale pour la saison.
MMA3009;2017-07-15;O;Rien à signaler.
MMA3010;2017-07-15;O;Condition normale pour la saison.
MMA3011;2017-07-15;O;Condition normale pour la saison.
MMA3012;2017-07-15;O;Légère variabilité observée.
MMA3013;2017-07-15;O;Légère variabilité observée.
MMA3014;2017-07-15;O;Condition normale pour la saison.
MMA3015;2017-07-15;O;Condition normale pour la saison.
MMA3016;2017-07-15;O;Condition normale pour la saison.
MMA3017;2017-07-15;O;Condition normale pour la saison.
MMA3018;2017-07-15;O;Rien à signaler.
MMA3019;2017-07-15;O;Rien à signaler.
MMA3020;2017-07-15;O;Rien à signaler.
MMA3021;2017-07-15;O;Rien à signaler.
MMA3022;2017-07-15;O;Condition normale pour la saison.
MMA3023;2017-07-15;O;Condition normale pour la saison.
MMA3024;2017-07-15;O;Condition normale pour la saison.
MMA3025;2017-07-15;O;Condition normale pour la saison.
MMA3026;2017-07-15;O;Rien à signaler.
MMA3027;2017-07-15;O;Condition normale pour la saison.
MMA3028;2017-07-15;O;Légère variabilité observée.
MMA3029;2017-07-15;O;Condition normale pour la saison.
MMA3030;2017-07-15;O;Condition normale pour la saison.
MMA3031;2017-07-15;O;Rien à signaler.
MMA3032;2017-07-15;O;Condition normale pour la saison.
MMA3033;2017-07-15;O;Rien à signaler.
MMA3034;2017-07-15;O;Condition normale pour la saison.
MMA3035;2017-07-15;O;Légère variabilité observée.
MMA3036;2017-07-15;O;Condition normale pour la saison.
MMA3037;2017-07-15;O;Rien à signaler.
MMA3038;2017-07-15;O;Rien à signaler.
MMA3039;2017-07-15;O;Rien à signaler.
MMA3040;2017-07-15;O;Légère variabilité observée.
MMA3041;2017-07-15;O;Légère variabilité observée.
MMA3042;2017-07-15;O;Rien à signaler.
MMA3043;2017-07-15;O;Condition normale pour la saison.
MMA3044;2017-07-15;O;Légère variabilité observée.
MMA3045;2017-07-15;O;Rien à signaler.
MMA3046;2017-07-15;O;Rien à signaler.
MMA3047;2017-07-15;O;Rien à signaler.
MMA3048;2017-07-15;O;Condition normale pour la saison.
MMA3049;2017-07-15;O;Rien à signaler.
MMA3050;2017-07-15;O;Rien à signaler.
MMA3051;2017-07-15;O;Rien à signaler.
MMA3052;2017-07-15;O;Condition normale pour la saison.
MMA3053;2017-07-15;O;Légère variabilité observée.
MMA3054;2017-07-15;O;Condition normale pour la saison.
MMA3055;2017-07-15;O;Condition normale pour la saison.
MMA3056;2017-07-15;O;Rien à signaler.
MMA3057;2017-07-15;O;Légère variabilité observée.
MMA3058;2017-07-15;O;Légère variabilité observée.
MMA3059;2017-07-15;O;Condition normale pour la saison.
MMA3060;2017-07-15;O;Rien à signaler.
MMA3061;2017-07-15;O;Condition normale pour la saison.
MMA3062;2017-07-15;O;Condition normale pour la saison.
MMA3063;2017-07-15;O;Condition normale pour la saison.
MMA3064;2017-07-15;O;Condition normale pour la saison.
MMA3065;2017-07-15;O;Condition normale pour la saison.
MMA3066;2017-07-15;O;Rien à signaler.
MMA3067;2017-07-15;O;Condition normale pour la saison.
MMA3068;2017-07-15;O;Condition normale pour la saison.
MMA3069;2017-07-15;O;Rien à signaler.
MMA3070;2017-07-15;O;Rien à signaler.
MMA3071;2017-07-15;O;Légère variabilité observée.
MMA3072;2017-07-15;O;Rien à signaler.
MMA3073;2017-07-15;O;Rien à signaler.
MMA3074;2017-07-15;O;Condition normale pour la saison.
MMA3075;2017-07-15;O;Condition normale pour la saison.
MMA3076;2017-07-15;O;Condition normale pour la saison.
MMA3077;2017-07-15;O;Condition normale pour la saison.
MMA3078;2017-07-15;O;Rien à signaler.
MMA3079;2017-07-15;O;Condition normale pour la saison.
MMA3080;2017-07-15;O;Légère variabilité observée.
MMA3081;2017-07-15;O;Condition normale pour la saison.
MMA3082;2017-07-15;O;Condition normale pour la saison.
MMA3083;2017-07-15;O;Condition normale pour la saison.
MMA3084;2017-07-15;O;Rien à signaler.
MMA3085;2017-07-15;O;Rien à signaler.
MMA3086;2017-07-15;O;Rien à signaler.
MMA3087;2017-07-15;O;Légère variabilité observée.
MMA3088;2017-07-15;O;Condition normale pour la saison.
MMA3089;2017-07-15;O;Rien à signaler.
MMA3090;2017-07-15;O;Légère variabilité observée.
MMA3091;2017-07-15;O;Condition normale pour la saison.
MMA3092;2017-07-15;O;Condition normale pour la saison.
MMA3093;2017-07-15;O;Rien à signaler.
MMA3094;2017-07-15;O;Condition normale pour la saison.
MMA3095;2017-07-15;O;Condition normale pour la saison.
MMA3096;2017-07-15;O;Rien à signaler.
MMA3097;2017-07-15;O;Condition normale pour la saison.
MMA3098;2017-07-15;O;Condition normale pour la saison.
MMA3099;2017-07-15;O;Légère variabilité observée.
MMA3100;2017-07-15;O;Condition normale pour la saison.
MMA4001;2017-07-15;O;Condition normale pour la saison.
MMA4002;2017-07-15;O;Condition normale pour la saison.
MMA4003;2017-07-15;O;Rien à signaler.
MMA4004;2017-07-15;O;Rien à signaler.
MMA4005;2017-07-15;O;Condition normale pour la saison.
MMA4006;2017-07-15;O;Condition normale pour la saison.
MMA4007;2017-07-15;O;Condition normale pour la saison.
MMA4008;2017-07-15;O;Rien à signaler.
MMA4009;2017-07-15;O;Condition normale pour la saison.
MMA4010;2017-07-15;O;Rien à signaler.
MMA4011;2017-07-15;O;Condition normale pour la saison.
MMA4012;2017-07-15;O;Condition normale pour la saison.
MMA4013;2017-07-15;O;Rien à signaler.
MMA4014;2017-07-15;O;Légère variabilité observée.
MMA4015;2017-07-15;O;Légère variabilité observée.
MMA4016;2017-07-15;O;Condition normale pour la saison.
MMA4017;2017-07-15;O;Légère variabilité observée.
MMA4018;2017-07-15;O;Condition normale pour la saison.
MMA4019;2017-07-15;O;Condition normale pour la saison.
MMA4020;2017-07-15;O;Légère variabilité observée.
MMA4021;2017-07-15;O;Condition normale pour la saison.
MMA4022;2017-07-15;O;Condition normale pour la saison.
MMA4023;2017-07-15;O;Rien à signaler.
MMA4024;2017-07-15;O;Légère variabilité observée.
MMA4025;2017-07-15;O;Condition normale pour la saison.
MMA4026;2017-07-15;O;Condition normale pour la saison.
MMA4027;2017-07-15;O;Rien à signaler.
MMA4028;2017-07-15;O;Condition normale pour la saison.
MMA4029;2017-07-15;O;Condition normale pour la saison.
MMA4030;2017-07-15;O;Légère variabilité observée.
MMA4031;2017-07-15;O;Condition normale pour la saison.
MMA4032;2017-07-15;O;Condition normale pour la saison.
MMA4033;2017-07-15;O;Condition normale pour la saison.
MMA4034;2017-07-15;O;Condition normale pour la saison.
MMA4035;2017-07-15;O;Condition normale pour la saison.
MMA4036;2017-07-15;O;Condition normale pour la saison.
MMA4037;2017-07-15;O;Rien à signaler.
MMA4038;2017-07-15;O;Rien à signaler.
MMA4039;2017-07-15;O;Condition normale pour la saison.
MMA4040;2017-07-15;O;Condition normale pour la saison.
MMA4041;2017-07-15;O;Rien à signaler.
MMA4042;2017-07-15;O;Condition normale pour la saison.
MMA4043;2017-07-15;O;Rien à signaler.
MMA4044;2017-07-15;O;Condition normale pour la saison.
MMA4045;2017-07-15;O;Légère variabilité observée.
MMA4046;2017-07-15;O;Légère variabilité observée.
MMA4047;2017-07-15;O;Rien à signaler.
MMA4048;2017-07-15;O;Rien à signaler.
MMA4049;2017-07-15;O;Condition normale pour la saison.
MMA4050;2017-07-15;O;Rien à signaler.
MMA4051;2017-07-15;O;Condition normale pour la saison.
MMA4052;2017-07-15;O;Condition normale pour la saison.
MMA4053;2017-07-15;O;Légère variabilité observée.
MMA4054;2017-07-15;O;Condition normale pour la saison.
MMA4055;2017-07-15;O;Légère variabilité observée.
MMA4056;2017-07-15;O;Condition normale pour la saison.
MMA4057;2017-07-15;O;Rien à signaler.
MMA4058;2017-07-15;O;Condition normale pour la saison.
MMA4059;2017-07-15;O;Condition normale pour la saison.
MMA4060;2017-07-15;O;Légère variabilité observée.
MMA4061;2017-07-15;O;Légère variabilité observée.
MMA4062;2017-07-15;O;Légère variabilité observée.
MMA4063;2017-07-15;O;Rien à signaler.
MMA4064;2017-07-15;O;Condition normale pour la saison.
MMA4065;2017-07-15;O;Rien à signaler.
MMA4066;2017-07-15;O;Rien à signaler.
MMA4067;2017-07-15;O;Rien à signaler.
MMA4068;2017-07-15;O;Condition normale pour la saison.
MMA4069;2017-07-15;O;Condition normale pour la saison.
MMA4070;2017-07-15;O;Condition normale pour la saison.
MMA4071;2017-07-15;O;Légère variabilité observée.
MMA4072;2017-07-15;O;Condition normale pour la saison.
MMA4073;2017-07-15;O;Rien à signaler.
MMA4074;2017-07-15;O;Légère variabilité observée.
MMA4075;2017-07-15;O;Rien à signaler.
MMA4076;2017-07-15;O;Légère variabilité observée.
MMA4077;2017-07-15;O;Condition normale pour la saison.
MMA4078;2017-07-15;O;Condition normale pour la saison.
MMA4079;2017-07-15;O;Condition normale pour la saison.
MMA4080;2017-07-15;O;Condition normale pour la saison.
MMA4081;2017-07-15;O;Rien à signaler.
MMA4082;2017-07-15;O;Légère variabilité observée.
MMA4083;2017-07-15;O;Condition normale pour la saison.
MMA4084;2017-07-15;O;Rien à signaler.
MMA4085;2017-07-15;O;Condition normale pour la saison.
MMA4086;2017-07-15;O;Rien à signaler.
MMA4087;2017-07-15;O;Condition normale pour la saison.
MMA4088;2017-07-15;O;Condition normale pour la saison.
MMA4089;2017-07-15;O;Légère variabilité observée.
MMA4090;2017-07-15;O;Condition normale pour la saison.
MMA4091;2017-07-15;O;Rien à signaler.
MMA4092;2017-07-15;O;Condition normale pour la saison.
MMA4093;2017-07-15;O;Condition normale pour la saison.
MMA4094;2017-07-15;O;Rien à signaler.
MMA4095;2017-07-15;O;Légère variabilité observée.
MMA4096;2017-07-15;O;Condition normale pour la saison.
MMA4097;2017-07-15;O;Condition normale pour la saison.
MMA4098;2017-07-15;O;Condition normale pour la saison.
MMA4099;2017-07-15;O;Rien à signaler.
MMA4100;2017-07-15;O;Rien à signaler.
MMB1001;2017-07-15;O;Rien à signaler.
MMB1002;2017-07-15;O;Condition normale pour la saison.
MMB1003;2017-07-15;O;Condition normale pour la saison.
MMB1004;2017-07-15;O;Condition normale pour la saison.
MMB1005;2017-07-15;O;Rien à signaler.
MMB1006;2017-07-15;O;Rien à signaler.
MMB1007;2017-07-15;O;Condition normale pour la saison.
MMB1008;2017-07-15;O;Condition normale pour la saison.
MMB1009;2017-07-15;O;Condition normale pour la saison.
MMB1010;2017-07-15;O;Rien à signaler.
MMB1011;2017-07-15;O;Condition normale pour la saison.
MMB1012;2017-07-15;O;Rien à signaler.
MMB1013;2017-07-15;O;Rien à signaler.
MMB1014;2017-07-15;O;Légère variabilité observée.
MMB1015;2017-07-15;O;Condition normale pour la saison.
MMB1016;2017-07-15;O;Légère variabilité observée.
MMB1017;2017-07-15;O;Légère variabilité observée.
MMB1018;2017-07-15;O;Condition normale pour la saison.
MMB1019;2017-07-15;O;Légère variabilité observée.
MMB1020;2017-07-15;O;Condition normale pour la saison.
MMB1021;2017-07-15;O;Légère variabilité observée.
MMB1022;2017-07-15;O;Rien à signaler.
MMB1023;2017-07-15;O;Condition normale pour la saison.
MMB1024;2017-07-15;O;Condition normale pour la saison.
MMB1025;2017-07-15;O;Rien à signaler.
MMB1026;2017-07-15;O;Légère variabilité observée.
MMB1027;2017-07-15;O;Légère variabilité observée.
MMB1028;2017-07-15;O;Légère variabilité observée.
MMB1029;2017-07-15;O;Condition normale pour la saison.
MMB1030;2017-07-15;O;Condition normale pour la saison.
MMB1031;2017-07-15;O;Légère variabilité observée.
MMB1032;2017-07-15;O;Rien à signaler.
MMB1033;2017-07-15;O;Condition normale pour la saison.
MMB1034;2017-07-15;O;Légère variabilité observée.
MMB1035;2017-07-15;O;Condition normale pour la saison.
MMB1036;2017-07-15;O;Condition normale pour la saison.
MMB1037;2017-07-15;O;Condition normale pour la saison.
MMB1038;2017-07-15;O;Légère variabilité observée.
MMB1039;2017-07-15;O;Rien à signaler.
MMB1040;2017-07-15;O;Légère variabilité observée.
MMB1041;2017-07-15;O;Légère variabilité observée.
MMB1042;2017-07-15;O;Condition normale pour la saison.
MMB1043;2017-07-15;O;Condition normale pour la saison.
MMB1044;2017-07-15;O;Condition normale pour la saison.
MMB1045;2017-07-15;O;Condition normale pour la saison.
MMB1046;2017-07-15;O;Légère variabilité observée.
MMB1047;2017-07-15;O;Rien à signaler.
MMB1048;2017-07-15;O;Légère variabilité observée.
MMB1049;2017-07-15;O;Condition normale pour la saison.
MMB1050;2017-07-15;O;Condition normale pour la saison.
MMB1051;2017-07-15;O;Rien à signaler.
MMB1052;2017-07-15;O;Condition normale pour la saison.
MMB1053;2017-07-15;O;Légère variabilité observée.
MMB1054;2017-07-15;O;Condition normale pour la saison.
MMB1055;2017-07-15;O;Légère variabilité observée.
MMB1056;2017-07-15;O;Condition normale pour la saison.
MMB1057;2017-07-15;O;Légère variabilité observée.
MMB1058;2017-07-15;O;Légère variabilité observée.
MMB1059;2017-07-15;O;Rien à signaler.
MMB1060;2017-07-15;O;Légère variabilité observée.
MMB1061;2017-07-15;O;Rien à signaler.
MMB1062;2017-07-15;O;Condition normale pour la saison.
MMB1063;2017-07-15;O;Condition normale pour la saison.
MMB1064;2017-07-15;O;Légère variabilité observée.
MMB1065;2017-07-15;O;Condition normale pour la saison.
MMB1066;2017-07-15;O;Légère variabilité observée.
MMB1067;2017-07-15;O;Condition normale pour la saison.
MMB1068;2017-07-15;O;Condition normale pour la saison.
MMB1069;2017-07-15;O;Condition normale pour la saison.
MMB1070;2017-07-15;O;Rien à signaler.
MMB1071;2017-07-15;O;Légère variabilité observée.
MMB1072;2017-07-15;O;Rien à signaler.
MMB1073;2017-07-15;O;Légère variabilité observée.
MMB1074;2017-07-15;O;Condition normale pour la saison.
MMB1075;2017-07-15;O;Condition normale pour la saison.
MMB1076;2017-07-15;O;Condition normale pour la saison.
MMB1077;2017-07-15;O;Rien à signaler.
MMB1078;2017-07-15;O;Rien à signaler.
MMB1079;2017-07-15;O;Condition normale pour la saison.
MMB1080;2017-07-15;O;Condition normale pour la saison.
MMB1081;2017-07-15;O;Condition normale pour la saison.
MMB1082;2017-07-15;O;Légère variabilité observée.
MMB1083;2017-07-15;O;Condition normale pour la saison.
MMB1084;2017-07-15;O;Légère variabilité observée.
MMB1085;2017-07-15;O;Condition normale pour la saison.
MMB1086;2017-07-15;O;Condition normale pour la saison.
MMB1087;2017-07-15;O;Rien à signaler.
MMB1088;2017-07-15;O;Condition normale pour la saison.
MMB1089;2017-07-15;O;Légère variabilité observée.
MMB1090;2017-07-15;O;Rien à signaler.
MMB1091;2017-07-15;O;Rien à signaler.
MMB1092;2017-07-15;O;Rien à signaler.
MMB1093;2017-07-15;O;Condition normale pour la saison.
MMB1094;2017-07-15;O;Condition normale pour la saison.
MMB1095;2017-07-15;O;Rien à signaler.
MMB1096;2017-07-15;O;Légère variabilité observée.
MMB1097;2017-07-15;O;Légère variabilité observée.
MMB1098;2017-07-15;O;Condition normale pour la saison.
MMB1099;2017-07-15;O;Condition normale pour la saison.
MMB1100;2017-07-15;O;Rien à signaler.
MMB2001;2017-07-15;O;Rien à signaler.
MMB2002;2017-07-15;O;Condition normale pour la saison.
MMB2003;2017-07-15;O;Rien à signaler.
MMB2004;2017-07-15;O;Rien à signaler.
MMB2005;2017-07-15;O;Condition normale pour la saison.
MMB2006;2017-07-15;O;Condition normale pour la saison.
MMB2007;2017-07-15;O;Légère variabilité observée.
MMB2008;2017-07-15;O;Condition normale pour la saison.
MMB2009;2017-07-15;O;Condition normale pour la saison.
MMB2010;2017-07-15;O;Rien à signaler.
MMB2011;2017-07-15;O;Rien à signaler.
MMB2012;2017-07-15;O;Rien à signaler.
MMB2013;2017-07-15;O;Condition normale pour la saison.
MMB2014;2017-07-15;O;Légère variabilité observée.
MMB2015;2017-07-15;O;Condition normale pour la saison.
MMB2016;2017-07-15;O;Légère variabilité observée.
MMB2017;2017-07-15;O;Rien à signaler.
MMB2018;2017-07-15;O;Condition normale pour la saison.
MMB2019;2017-07-15;O;Condition normale pour la saison.
MMB2020;2017-07-15;O;Légère variabilité observée.
MMB2021;2017-07-15;O;Condition normale pour la saison.
MMB2022;2017-07-15;O;Légère variabilité observée.
MMB2023;2017-07-15;O;Légère variabilité observée.
MMB2024;2017-07-15;O;Rien à signaler.
MMB2025;2017-07-15;O;Condition normale pour la saison.
MMB2026;2017-07-15;O;Condition normale pour la saison.
MMB2027;2017-07-15;O;Légère variabilité observée.
MMB2028;2017-07-15;O;Rien à signaler.
MMB2029;2017-07-15;O;Condition normale pour la saison.
MMB2030;2017-07-15;O;Condition normale pour la saison.
MMB2031;2017-07-15;O;Condition normale pour la saison.
MMB2032;2017-07-15;O;Condition normale pour la saison.
MMB2033;2017-07-15;O;Rien à signaler.
MMB2034;2017-07-15;O;Condition normale pour la saison.
MMB2035;2017-07-15;O;Rien à signaler.
MMB2036;2017-07-15;O;Rien à signaler.
MMB2037;2017-07-15;O;Condition normale pour la saison.
MMB2038;2017-07-15;O;Rien à signaler.
MMB2039;2017-07-15;O;Condition normale pour la saison.
MMB2040;2017-07-15;O;Rien à signaler.
MMB2041;2017-07-15;O;Légère variabilité observée.
MMB2042;2017-07-15;O;Rien à signaler.
MMB2043;2017-07-15;O;Rien à signaler.
MMB2044;2017-07-15;O;Condition normale pour la saison.
MMB2045;2017-07-15;O;Condition normale pour la saison.
MMB2046;2017-07-15;O;Condition normale pour la saison.
MMB2047;2017-07-15;O;Légère variabilité observée.
MMB2048;2017-07-15;O;Condition normale pour la saison.
MMB2049;2017-07-15;O;Condition normale pour la saison.
MMB2050;2017-07-15;O;Légère variabilité observée.
MMB2051;2017-07-15;O;Condition normale pour la saison.
MMB2052;2017-07-15;O;Légère variabilité observée.
MMB2053;2017-07-15;O;Condition normale pour la saison.
MMB2054;2017-07-15;O;Condition normale pour la saison.
MMB2055;2017-07-15;O;Rien à signaler.
MMB2056;2017-07-15;O;Légère variabilité observée.
MMB2057;2017-07-15;O;Rien à signaler.
MMB2058;2017-07-15;O;Condition normale pour la saison.
MMB2059;2017-07-15;O;Condition normale pour la saison.
MMB2060;2017-07-15;O;Rien à signaler.
MMB2061;2017-07-15;O;Légère variabilité observée.
MMB2062;2017-07-15;O;Légère variabilité observée.
MMB2063;2017-07-15;O;Condition normale pour la saison.
MMB2064;2017-07-15;O;Légère variabilité observée.
MMB2065;2017-07-15;O;Légère variabilité observée.
MMB2066;2017-07-15;O;Condition normale pour la saison.
MMB2067;2017-07-15;O;Condition normale pour la saison.
MMB2068;2017-07-15;O;Légère variabilité observée.
MMB2069;2017-07-15;O;Rien à signaler.
MMB2070;2017-07-15;O;Condition normale pour la saison.
MMB2071;2017-07-15;O;Condition normale pour la saison.
MMB2072;2017-07-15;O;Rien à signaler.
MMB2073;2017-07-15;O;Légère variabilité observée.
MMB2074;2017-07-15;O;Condition normale pour la saison.
MMB2075;2017-07-15;O;Légère variabilité observée.
MMB2076;2017-07-15;O;Condition normale pour la saison.
MMB2077;2017-07-15;O;Condition normale pour la saison.
MMB2078;2017-07-15;O;Rien à signaler.
MMB2079;2017-07-15;O;Légère variabilité observée.
MMB2080;2017-07-15;O;Condition normale pour la saison.
MMB2081;2017-07-15;O;Condition normale pour la saison.
MMB2082;2017-07-15;O;Rien à signaler.
MMB2083;2017-07-15;O;Condition normale pour la saison.
MMB2084;2017-07-15;O;Condition normale pour la saison.
MMB2085;2017-07-15;O;Rien à signaler.
MMB2086;2017-07-15;O;Rien à signaler.
MMB2087;2017-07-15;O;Condition normale pour la saison.
MMB2088;2017-07-15;O;Rien à signaler.
MMB2089;2017-07-15;O;Légère variabilité observée.
MMB2090;2017-07-15;O;Condition normale pour la saison.
MMB2091;2017-07-15;O;Rien à signaler.
MMB2092;2017-07-15;O;Condition normale pour la saison.
MMB2093;2017-07-15;O;Légère variabilité observée.
MMB2094;2017-07-15;O;Condition normale pour la saison.
MMB2095;2017-07-15;O;Rien à signaler.
MMB2096;2017-07-15;O;Condition normale pour la saison.
MMB2097;2017-07-15;O;Légère variabilité observée.
MMB2098;2017-07-15;O;Condition normale pour la saison.
MMB2099;2017-07-15;O;Condition normale pour la saison.
MMB2100;2017-07-15;O;Condition normale pour la saison.
MMB3001;2017-07-15;O;Condition normale pour la saison.
MMB3002;2017-07-15;O;Condition normale pour la saison.
MMB3003;2017-07-15;O;Condition normale pour la saison.
MMB3004;2017-07-15;O;Légère variabilité observée.
MMB3005;2017-07-15;O;Condition normale pour la saison.
MMB3006;2017-07-15;O;Condition normale pour la saison.
MMB3007;2017-07-15;O;Légère variabilité observée.
MMB3008;2017-07-15;O;Rien à signaler.
MMB3009;2017-07-15;O;Légère variabilité observée.
MMB3010;2017-07-15;O;Légère variabilité observée.
MMB3011;2017-07-15;O;Condition normale pour la saison.
MMB3012;2017-07-15;O;Condition normale pour la saison.
MMB3013;2017-07-15;O;Condition normale pour la saison.
MMB3014;2017-07-15;O;Condition normale pour la saison.
MMB3015;2017-07-15;O;Condition normale pour la saison.
MMB3016;2017-07-15;O;Rien à signaler.
MMB3017;2017-07-15;O;Condition normale pour la saison.
MMB3018;2017-07-15;O;Condition normale pour la saison.
MMB3019;2017-07-15;O;Condition normale pour la saison.
MMB3020;2017-07-15;O;Légère variabilité observée.
MMB3021;2017-07-15;O;Condition normale pour la saison.
MMB3022;2017-07-15;O;Condition normale pour la saison.
MMB3023;2017-07-15;O;Rien à signaler.
MMB3024;2017-07-15;O;Rien à signaler.
MMB3025;2017-07-15;O;Légère variabilité observée.
MMB3026;2017-07-15;O;Condition normale pour la saison.
MMB3027;2017-07-15;O;Légère variabilité observée.
MMB3028;2017-07-15;O;Condition normale pour la saison.
MMB3029;2017-07-15;O;Condition normale pour la saison.
MMB3030;2017-07-15;O;Condition normale pour la saison.
MMB3031;2017-07-15;O;Rien à signaler.
MMB3032;2017-07-15;O;Condition normale pour la saison.
MMB3033;2017-07-15;O;Légère variabilité observée.
MMB3034;2017-07-15;O;Condition normale pour la saison.
MMB3035;2017-07-15;O;Condition normale pour la saison.
MMB3036;2017-07-15;O;Condition normale pour la saison.
MMB3037;2017-07-15;O;Légère variabilité observée.
MMB3038;2017-07-15;O;Légère variabilité observée.
MMB3039;2017-07-15;O;Condition normale pour la saison.
MMB3040;2017-07-15;O;Condition normale pour la saison.
MMB3041;2017-07-15;O;Rien à signaler.
MMB3042;2017-07-15;O;Légère variabilité observée.
MMB3043;2017-07-15;O;Légère variabilité observée.
MMB3044;2017-07-15;O;Légère variabilité observée.
MMB3046;2017-07-15;O;Rien à signaler.
MMB3047;2017-07-15;O;Rien à signaler.
MMB3048;2017-07-15;O;Condition normale pour la saison.
MMB3049;2017-07-15;O;Condition normale pour la saison.
MMB3050;2017-07-15;O;Condition normale pour la saison.
MMB3051;2017-07-15;O;Condition normale pour la saison.
MMB3052;2017-07-15;O;Légère variabilité observée.
MMB3053;2017-07-15;O;Condition normale pour la saison.
MMB3054;2017-07-15;O;Légère variabilité observée.
MMB3055;2017-07-15;O;Rien à signaler.
MMB3056;2017-07-15;O;Condition normale pour la saison.
MMB3057;2017-07-15;O;Condition normale pour la saison.
MMB3058;2017-07-15;O;Rien à signaler.
MMB3059;2017-07-15;O;Condition normale pour la saison.
MMB3060;2017-07-15;O;Rien à signaler.
MMB3061;2017-07-15;O;Condition normale pour la saison.
MMB3062;2017-07-15;O;Légère variabilité observée.
MMB3063;2017-07-15;O;Condition normale pour la saison.
MMB3064;2017-07-15;O;Légère variabilité observée.
MMB3065;2017-07-15;O;Rien à signaler.
MMB3066;2017-07-15;O;Légère variabilité observée.
MMB3067;2017-07-15;O;Légère variabilité observée.
MMB3068;2017-07-15;O;Condition normale pour la saison.
MMB3069;2017-07-15;O;Légère variabilité observée.
MMB3070;2017-07-15;O;Rien à signaler.
MMB3071;2017-07-15;O;Condition normale pour la saison.
MMB3072;2017-07-15;O;Condition normale pour la saison.
MMB3073;2017-07-15;O;Rien à signaler.
MMB3074;2017-07-15;O;Condition normale pour la saison.
MMB3075;2017-07-15;O;Rien à signaler.
MMB3076;2017-07-15;O;Condition normale pour la saison.
MMB3077;2017-07-15;O;Condition normale pour la saison.
MMB3078;2017-07-15;O;Rien à signaler.
MMB3079;2017-07-15;O;Condition normale pour la saison.
MMB3080;2017-07-15;O;Condition normale pour la saison.
MMB3081;2017-07-15;O;Rien à signaler.
MMB3082;2017-07-15;O;Condition normale pour la saison.
MMB3083;2017-07-15;O;Légère variabilité observée.
MMB3084;2017-07-15;O;Rien à signaler.
MMB3085;2017-07-15;O;Rien à signaler.
MMB3086;2017-07-15;O;Légère variabilité observée.
MMB3087;2017-07-15;O;Condition normale pour la saison.
MMB3088;2017-07-15;O;Condition normale pour la saison.
MMB3089;2017-07-15;O;Condition normale pour la saison.
MMB3090;2017-07-15;O;Rien à signaler.
MMB3091;2017-07-15;O;Condition normale pour la saison.
MMB3092;2017-07-15;O;Légère variabilité observée.
MMB3093;2017-07-15;O;Condition normale pour la saison.
MMB3094;2017-07-15;O;Condition normale pour la saison.
MMB3095;2017-07-15;O;Condition normale pour la saison.
MMB3096;2017-07-15;O;Condition normale pour la saison.
MMB3097;2017-07-15;O;Condition normale pour la saison.
MMB3098;2017-07-15;O;Condition normale pour la saison.
MMB3099;2017-07-15;O;Condition normale pour la saison.
MMB3100;2017-07-15;O;Condition normale pour la saison.
MMB4001;2017-07-15;O;Condition normale pour la saison.
MMB4002;2017-07-15;O;Rien à signaler.
MMB4003;2017-07-15;O;Condition normale pour la saison.
MMB4004;2017-07-15;O;Condition normale pour la saison.
MMB4005;2017-07-15;O;Condition normale pour la saison.
MMB4006;2017-07-15;O;Condition normale pour la saison.
MMB4007;2017-07-15;O;Légère variabilité observée.
MMB4008;2017-07-15;O;Légère variabilité observée.
MMB4009;2017-07-15;O;Légère variabilité observée.
MMB4010;2017-07-15;O;Condition normale pour la saison.
MMB4011;2017-07-15;O;Légère variabilité observée.
MMB4012;2017-07-15;O;Condition normale pour la saison.
MMB4013;2017-07-15;O;Condition normale pour la saison.
MMB4014;2017-07-15;O;Condition normale pour la saison.
MMB4015;2017-07-15;O;Condition normale pour la saison.
MMB4016;2017-07-15;O;Condition normale pour la saison.
MMB4017;2017-07-15;O;Condition normale pour la saison.
MMB4018;2017-07-15;O;Rien à signaler.
MMB4019;2017-07-15;O;Condition normale pour la saison.
MMB4020;2017-07-15;O;Rien à signaler.
MMB4021;2017-07-15;O;Légère variabilité observée.
MMB4022;2017-07-15;O;Légère variabilité observée.
MMB4023;2017-07-15;O;Condition normale pour la saison.
MMB4024;2017-07-15;O;Condition normale pour la saison.
MMB4025;2017-07-15;O;Légère variabilité observée.
MMB4026;2017-07-15;O;Légère variabilité observée.
MMB4027;2017-07-15;O;Condition normale pour la saison.
MMB4028;2017-07-15;O;Condition normale pour la saison.
MMB4029;2017-07-15;O;Condition normale pour la saison.
MMB4030;2017-07-15;O;Condition normale pour la saison.
MMB4031;2017-07-15;O;Condition normale pour la saison.
MMB4032;2017-07-15;O;Rien à signaler.
MMB4033;2017-07-15;O;Condition normale pour la saison.
MMB4034;2017-07-15;O;Condition normale pour la saison.
MMB4035;2017-07-15;O;Légère variabilité observée.
MMB4036;2017-07-15;O;Légère variabilité observée.
MMB4037;2017-07-15;O;Condition normale pour la saison.
MMB4038;2017-07-15;O;Condition normale pour la saison.
MMB4039;2017-07-15;O;Rien à signaler.
MMB4040;2017-07-15;O;Légère variabilité observée.
MMB4041;2017-07-15;O;Légère variabilité observée.
MMB4042;2017-07-15;O;Rien à signaler.
MMB4043;2017-07-15;O;Rien à signaler.
MMB4044;2017-07-15;O;Condition normale pour la saison.
MMB4045;2017-07-15;O;Condition normale pour la saison.
MMB4046;2017-07-15;O;Légère variabilité observée.
MMB4047;2017-07-15;O;Légère variabilité observée.
MMB4048;2017-07-15;O;Rien à signaler.
MMB4049;2017-07-15;O;Légère variabilité observée.
MMB4050;2017-07-15;O;Condition normale pour la saison.
MMB4051;2017-07-15;O;Légère variabilité observée.
MMB4052;2017-07-15;O;Condition normale pour la saison.
MMB4053;2017-07-15;O;Rien à signaler.
MMB4054;2017-07-15;O;Légère variabilité observée.
MMB4055;2017-07-15;O;Condition normale pour la saison.
MMB4056;2017-07-15;O;Rien à signaler.
MMB4057;2017-07-15;O;Légère variabilité observée.
MMB4058;2017-07-15;O;Légère variabilité observée.
MMB4059;2017-07-15;O;Condition normale pour la saison.
MMB4060;2017-07-15;O;Condition normale pour la saison.
MMB4061;2017-07-15;O;Légère variabilité observée.
MMB4062;2017-07-15;O;Condition normale pour la saison.
MMB4063;2017-07-15;O;Condition normale pour la saison.
MMB4064;2017-07-15;O;Condition normale pour la saison.
MMB4065;2017-07-15;O;Condition normale pour la saison.
MMB4066;2017-07-15;O;Condition normale pour la saison.
MMB4067;2017-07-15;O;Rien à signaler.
MMB4068;2017-07-15;O;Condition normale pour la saison.
MMB4069;2017-07-15;O;Légère variabilité observée.
MMB4070;2017-07-15;O;Rien à signaler.
MMB4071;2017-07-15;O;Condition normale pour la saison.
MMB4072;2017-07-15;O;Rien à signaler.
MMB4073;2017-07-15;O;Condition normale pour la saison.
MMB4074;2017-07-15;O;Condition normale pour la saison.
MMB4075;2017-07-15;O;Condition normale pour la saison.
MMB4076;2017-07-15;O;Condition normale pour la saison.
MMB4077;2017-07-15;O;Légère variabilité observée.
MMB4078;2017-07-15;O;Légère variabilité observée.
MMB4079;2017-07-15;O;Condition normale pour la saison.
MMB4080;2017-07-15;O;Condition normale pour la saison.
MMB4081;2017-07-15;O;Condition normale pour la saison.
MMB4082;2017-07-15;O;Condition normale pour la saison.
MMB4083;2017-07-15;O;Légère variabilité observée.
MMB4084;2017-07-15;O;Condition normale pour la saison.
MMB4085;2017-07-15;O;Condition normale pour la saison.
MMB4086;2017-07-15;O;Condition normale pour la saison.
MMB4087;2017-07-15;O;Condition normale pour la saison.
MMB4088;2017-07-15;O;Condition normale pour la saison.
MMB4089;2017-07-15;O;Rien à signaler.
MMB4090;2017-07-15;O;Légère variabilité observée.
MMB4091;2017-07-15;O;Légère variabilité observée.
MMB4092;2017-07-15;O;Condition normale pour la saison.
MMB4093;2017-07-15;O;Légère variabilité observée.
MMB4094;2017-07-15;O;Rien à signaler.
MMB4095;2017-07-15;O;Condition normale pour la saison.
MMB4096;2017-07-15;O;Légère variabilité observée.
MMB4097;2017-07-15;O;Condition normale pour la saison.
MMB4098;2017-07-15;O;Rien à signaler.
MMB4099;2017-07-15;O;Rien à signaler.
MMB4100;2017-07-15;O;Condition normale pour la saison.
